{"highscore":0.0,"coinscollected":0,"settings":[0.5082684755325317,0.5046206712722778]}