{"highscore":168.4193572998047,"coinscollected":24,"settings":[0.019455252215266229,0.46327826380729678]}