{"highscore":355.4693908691406,"coinscollected":70,"settings":[0.019455252215266229,0.46327826380729678]}